{"cameraMode":{"drawMode":0,"name":"Shaded","section":"Shading Mode"},"sceneLighting":true,"audioPlay":false,"sceneViewState":{"m_AlwaysRefresh":false,"showFog":true,"showSkybox":true,"showFlares":true,"showImageEffects":true,"showParticleSystems":true,"showVisualEffectGraphs":true,"m_FxEnabled":true},"in2DMode":false,"pivot":{"x":-1.9813154935836793,"y":0.710107684135437,"z":10.762797355651856},"rotation":{"x":0.2992722690105438,"y":0.20401762425899507,"z":-0.06566788256168366,"w":0.9297930598258972},"size":3.3204078674316408,"orthographic":false}