{"cameraMode":{"drawMode":0,"name":"Shaded","section":"Shading Mode"},"sceneLighting":false,"audioPlay":false,"sceneViewState":{"m_AlwaysRefresh":false,"showFog":true,"showSkybox":false,"showFlares":true,"showImageEffects":true,"showParticleSystems":true,"showVisualEffectGraphs":true,"m_FxEnabled":true},"in2DMode":false,"pivot":{"x":5.800000190734863,"y":0.10000000149011612,"z":12.699999809265137},"rotation":{"x":0.23938488960266114,"y":0.07128714770078659,"z":-0.017626995220780374,"w":0.9681506156921387},"size":1.2570714950561524,"orthographic":false}